{
  "users": [
    {
      "id": 1,
      "userName": "john.doe",
      "password": "password123"
    }
  ],
  "companies": [
    {
      "id": 1,
      "companyFantasyName": "Magazine Luiza",
      "cnpj": "47960950000121",
      "companyAddressStreet": "RUA VOLUNTARIOS DA FRANCA 1465",
      "companyAddressDistrict": "CENTRO",
      "companyLegalName": "MAGAZINE LUIZA",
      "companyStoreIdNumber": 1,
      "companyType": "f",
      "companyCEP": "14400-490",
      "companyState": "São Paulo",
      "companyCityCode": "3516200",
      "companyCity": "Franca",
      "companyRegion": "Sudeste",
      "companyCountryDescription": "Brasil",
      "companyCountryId": "1058",
      "companyPhoneCode": "16",
      "companyPhone": "37112-002",
      "companyBirthDate": "1966-10-24",
      "companyHomePage": "",
      "isActive": true
    },
    {
      "id": 2,
      "companyFantasyName": "TV SBT",
      "cnpj": "45039237000114",
      "companyAddressStreet": "AVENIDA AVENIDA DAS COMUNICACOES, 1147 1147",
      "companyAddressDistrict": "INDUSTRIAL ANHANGUERA",
      "companyLegalName": "TVS - EMISSORA DO SISTEMA BRASILEIRO DE TELEVISAO",
      "companyStoreIdNumber": 1,
      "companyType": "r",
      "companyCEP": "06276-905",
      "companyState": "São Paulo",
      "companyCityCode": "3534401",
      "companyCity": "Osasco",
      "companyRegion": "",
      "companyCountryDescription": "Brasil",
      "companyCountryId": "1058",
      "companyPhoneCode": "11",
      "companyPhone": "3687-0000",
      "companyBirthDate": "1980-09-23",
      "companyHomePage": "",
      "isActive": true
    },
    {
      "id": 3,
      "companyFantasyName": "GLOBO.COM",
      "cnpj": "27865757000102",
      "companyAddressStreet": "RUA LOPES QUINTAS 303",
      "companyAddressDistrict": "JARDIM BOTANICO",
      "companyLegalName": "TV/REDE/CANAIS/G2C+GLOBO GLOBO.COM GLOBOPLAY",
      "companyStoreIdNumber": 1,
      "companyType": "r",
      "companyCEP": "22460-901",
      "companyState": "Rio de Janeiro",
      "companyCityCode": "3304557",
      "companyCity": "Rio de Janeiro",
      "companyRegion": "",
      "companyCountryDescription": "Brasil",
      "companyCountryId": "1058",
      "companyPhoneCode": "21",
      "companyPhone": "21554-551",
      "companyBirthDate": "1986-01-31",
      "companyHomePage": "",
      "isActive": true
    },
    {
      "id": 4,
      "companyFantasyName": "Drogaraia",
      "cnpj": "61585865000151",
      "companyAddressStreet": "AVENIDA CORIFEU DE AZEVEDO MARQUES 3097 3097",
      "companyAddressDistrict": "VILA BUTANTA",
      "companyLegalName": "RD SAUDE",
      "companyStoreIdNumber": 1,
      "companyType": "r",
      "companyCEP": "05339-900",
      "companyState": "São Paulo",
      "companyCityCode": "3550308",
      "companyCity": "São Paulo",
      "companyRegion": "",
      "companyCountryDescription": "Brasil",
      "companyCountryId": "1058",
      "companyPhoneCode": "11",
      "companyPhone": "37695-731",
      "companyBirthDate": "1972-06-22",
      "companyHomePage": "",
      "isActive": true
    },
    {
      "id": 5,
      "companyFantasyName": "FATEC",
      "cnpj": "62823257000109",
      "companyAddressStreet": "RUA DOS ANDRADAS 140",
      "companyAddressDistrict": "SANTA EFIGENIA",
      "companyLegalName": "ADMINISTRACAO CENTRAL",
      "companyStoreIdNumber": "1",
      "companyType": "s",
      "companyCEP": "01208-000",
      "companyState": "São Paulo",
      "companyCityCode": "3550308",
      "companyCity": "São Paulo",
      "companyRegion": "",
      "companyCountryDescription": "Brasil",
      "companyCountryId": "1058",
      "companyPhoneCode": "11",
      "companyPhone": "33243-571",
      "companyBirthDate": "1970-06-04",
      "companyHomePage": "",
      "isActive": false
    },
    {
      "id": 6,
      "companyFantasyName": "Colégio Objetivo",
      "cnpj": "43144138000177",
      "companyAddressStreet": "AVENIDA PAULISTA 900",
      "companyAddressDistrict": "BELA VISTA",
      "companyLegalName": "COLEGIO OBJETIVO",
      "companyStoreIdNumber": 1,
      "companyType": "r",
      "companyCEP": "01310-100",
      "companyState": "São Paulo",
      "companyCityCode": "3550308",
      "companyCity": "São Paulo",
      "companyRegion": "",
      "companyCountryDescription": "Brasil",
      "companyCountryId": "1058",
      "companyPhoneCode": "11",
      "companyPhone": "31703-633",
      "companyBirthDate": "1971-09-15",
      "companyHomePage": "",
      "isActive": true
    },
    {
      "id": 7,
      "companyFantasyName": "Colégio Anglo-Americano",
      "cnpj": "10457626000185",
      "companyAddressStreet": "AVENIDA DAS AMERICAS 2603",
      "companyAddressDistrict": "BARRA DA TIJUCA",
      "companyLegalName": "COLEGIO ANGLO-AMERICANO",
      "companyStoreIdNumber": 1,
      "companyType": "r",
      "companyCEP": "22631-002",
      "companyState": "Rio de Janeiro",
      "companyCityCode": "3304557",
      "companyCity": "Rio de Janeiro",
      "companyRegion": "",
      "companyCountryDescription": "Brasil",
      "companyCountryId": "1058",
      "companyPhoneCode": "21",
      "companyPhone": "33889-100",
      "companyBirthDate": "2008-10-21",
      "companyHomePage": "",
      "isActive": true
    },
    {
      "id": 8,
      "companyFantasyName": "Universidade Paulistaa",
      "cnpj": "06099229000101",
      "companyAddressStreet": "AVENIDA PAULISTA 900",
      "companyAddressDistrict": "BELA VISTA",
      "companyLegalName": "UNIVERSIDADE PAULISTA - UNIP",
      "companyStoreIdNumber": 1,
      "companyType": "f",
      "companyCEP": "01310-100",
      "companyState": "São Paulo",
      "companyCityCode": "3550308",
      "companyCity": "São Paulo",
      "companyRegion": "",
      "companyCountryDescription": "Brasil",
      "companyCountryId": "1058",
      "companyPhoneCode": "11",
      "companyPhone": "31703-700",
      "companyBirthDate": "2004-02-04",
      "companyHomePage": "",
      "isActive": true
    },
    {
      "id": 9,
      "companyFantasyName": "ACER",
      "cnpj": "86912086000144",
      "companyAddressStreet": "RUA JOAO ANTONIO DE ARAUJO 427",
      "companyAddressDistrict": "ELDORADO",
      "companyLegalName": "Acer Do Brasil",
      "companyStoreIdNumber": 1,
      "companyType": "x",
      "companyCEP": "09972-001",
      "companyState": "São Paulo",
      "companyCityCode": "3513801",
      "companyCity": "Diadema",
      "companyRegion": "",
      "companyCountryDescription": "Brasil",
      "companyCountryId": "1058",
      "companyPhoneCode": "11",
      "companyPhone": "40491-888",
      "companyBirthDate": "1994-01-24",
      "companyHomePage": "",
      "isActive": true
    },
    {
      "id": 10,
      "cnpj": "72381189000110",
      "companyAddressStreet": "AVENIDA INDUSTRIAL BELGRAF 400",
      "companyAddressDistrict": "INDUSTRIAL",
      "companyLegalName": "DELL COMPUTADORES DO BRASIL LTDA",
      "companyStoreIdNumber": 1,
      "companyType": "f",
      "companyCEP": "92990-000",
      "companyState": "Rio Grande do Sul",
      "companyCityCode": "4306767",
      "companyCity": "Eldorado do Sul",
      "companyRegion": "",
      "companyCountryDescription": "Brasil",
      "companyCountryId": "1058",
      "companyPhoneCode": "51",
      "companyPhone": "32745-500",
      "companyBirthDate": "1993-06-24",
      "companyHomePage": "",
      "isActive": true,
      "companyFantasyName": "Dell"
    },
    {
      "id": 11,
      "cnpj": "17783890000158",
      "companyAddressStreet": "RUA GEORGE OHM 206",
      "companyAddressDistrict": "CIDADE MONCOES",
      "companyFantasyName": "NVIDIA",
      "companyLegalName": "NVIDIA BRASIL COMPUTACAO VISUAL LTDA.",
      "companyStoreIdNumber": 1,
      "companyType": "matriz",
      "companyCEP": "04576-020",
      "companyState": "São Paulo",
      "companyCityCode": "3550308",
      "companyCity": "São Paulo",
      "companyRegion": "",
      "companyCountryDescription": "Brasil",
      "companyCountryId": "1058",
      "companyPhoneCode": "11",
      "companyPhone": "31507000",
      "companyBirthDate": "2012-12-17",
      "companyHomePage": "",
      "isActive": true
    },
    {
      "id": 12,
      "cnpj": "59104760000191",
      "companyStoreIdNumber": 1,
      "companyAddressStreet": "RUA MAX MANGELS SENIOR 1024",
      "companyAddressDistrict": "PLANALTO",
      "companyFantasyName": "Toyota do Brasil",
      "companyLegalName": "TOYOTA DO BRASIL LTDA",
      "companyType": "matriz",
      "companyCEP": "09895-510",
      "companyState": "São Paulo",
      "companyCityCode": "3548708",
      "companyCity": "São Bernardo do Campo",
      "companyRegion": "",
      "companyCountryDescription": "Brasil",
      "companyCountryId": "1058",
      "companyPhoneCode": "11",
      "companyPhone": "43905-100",
      "companyBirthDate": "1961-03-24",
      "companyHomePage": "",
      "isActive": true
    },
    {
      "id": 13,
      "cnpj": "59104760001082",
      "companyStoreIdNumber": 2,
      "companyAddressStreet": "RODOVIA MARECHAL CANDIDO  RONDON S/N",
      "companyAddressDistrict": "SOAMIN",
      "companyFantasyName": "TOYOTA DO BRASIL LTDA",
      "companyLegalName": "TOYOTA DO BRASIL LTDA",
      "companyType": "filial",
      "companyCEP": "18540-000",
      "companyState": "São Paulo",
      "companyCityCode": "3540606",
      "companyCity": "Porto Feliz",
      "companyRegion": "",
      "companyCountryDescription": "Brasil",
      "companyCountryId": "1058",
      "companyPhoneCode": "11",
      "companyPhone": "43905-781",
      "companyBirthDate": "2013-07-03",
      "companyHomePage": "",
      "isActive": true
    },
    {
      "id": 14,
      "cnpj": "03472246000740",
      "companyStoreIdNumber": 1,
      "companyAddressStreet": "RUA ANTONIO SINGER 6751 6751",
      "companyAddressDistrict": "CAMPO LARGO DA ROSEIRA",
      "companyFantasyName": "AUDI DO BRASIL INDUSTRIA E COMERCIO DE VEICULOS LTDA",
      "companyLegalName": "AUDI DO BRASIL INDUSTRIA E COMERCIO DE VEICULOS LTDA.",
      "companyType": "r",
      "companyCEP": "83090-901",
      "companyState": "Paraná",
      "companyCityCode": "4125506",
      "companyCity": "São José dos Pinhais",
      "companyRegion": "",
      "companyCountryDescription": "Brasil",
      "companyCountryId": "1058",
      "companyPhoneCode": "11",
      "companyPhone": "30412-959",
      "companyBirthDate": "2013-09-10",
      "companyHomePage": "",
      "isActive": false
    },
    {
      "id": 15,
      "cnpj": "05555382000133",
      "companyStoreIdNumber": 1,
      "companyAddressStreet": "RUA Rua Vergueiro 3195",
      "companyAddressDistrict": "Vila Mariana",
      "companyFantasyName": "Caelum/alura/casa do Codigo",
      "companyLegalName": "AOVS SISTEMAS DE INFORMATICA S.A.",
      "companyType": "r",
      "companyCep": "04101-300",
      "companyState": "São Paulo",
      "companyCityCode": "3550308",
      "companyCity": "São Paulo",
      "companyRegion": "",
      "companyCountryDescription": "Brasil",
      "companyCountryId": "1058",
      "companyPhoneCode": "11",
      "companyPhone": "55712-751",
      "companyBirthDate": "2003-02-18",
      "companyHomePage": "",
      "isActive": true
    },
    {
      "id": 16,
      "cnpj": "02131538000160",
      "companyStoreIdNumber": 1,
      "companyAddressStreet": "AVENIDA PRESIDENTE KENNEDY 2.869",
      "companyAddressDistrict": "VILA SAO JOSE",
      "companyFantasyName": "REDE TEV",
      "companyLegalName": "TV OMEGA LTDA.",
      "companyType": "l",
      "companyCep": "06298-190",
      "companyState": "São Paulo",
      "companyCityCode": "3534401",
      "companyCity": "Osasco",
      "companyRegion": "",
      "companyCountryDescription": "Brasil",
      "companyCountryId": "1058",
      "companyPhoneCode": "11",
      "companyPhone": "33061-195",
      "companyBirthDate": "1997-08-28",
      "companyHomePage": "",
      "isActive": true
    }
  ]
}